{"cameraMode":{"drawMode":0,"name":"Shaded","section":"Shading Mode"},"sceneLighting":true,"audioPlay":false,"sceneViewState":{"m_AlwaysRefresh":false,"showFog":true,"showSkybox":true,"showFlares":true,"showImageEffects":true,"showParticleSystems":true,"showVisualEffectGraphs":true,"m_FxEnabled":true},"in2DMode":false,"pivot":{"x":-3.9976978302001955,"y":-1.835174560546875,"z":2.4799585342407228},"rotation":{"x":0.25221750140190127,"y":-0.44892632961273196,"z":0.13372083008289338,"w":0.8467413187026978},"size":19.747934341430665,"orthographic":false}