{"cameraMode":{"drawMode":0,"name":"Shaded","section":"Shading Mode"},"sceneLighting":false,"audioPlay":false,"sceneViewState":{"m_AlwaysRefresh":false,"showFog":true,"showSkybox":true,"showFlares":true,"showImageEffects":true,"showParticleSystems":true,"showVisualEffectGraphs":true,"m_FxEnabled":true},"in2DMode":false,"pivot":{"x":-0.46134138107299807,"y":3.7835774421691896,"z":3.4103240966796877},"rotation":{"x":0.2617737650871277,"y":-0.1563677340745926,"z":0.0430237278342247,"w":0.9514062404632568},"size":10.166293144226075,"orthographic":false}